"x","y","pos","order"
2666.9482421875,5491.4677734375,"2666.9482421875_5491.4677734375",3996
2792.94580078125,5561.67822265625,"2792.94580078125_5561.67822265625",1709
2931.77294921875,5518.01318359375,"2931.77294921875_5518.01318359375",79
2989.22680664062,5464.01220703125,"2989.22680664062_5464.01220703125",8769
3066.87963867188,5255.34619140625,"3066.87963867188_5255.34619140625",27962
3143.94018554688,5181.86474609375,"3143.94018554688_5181.86474609375",8950
3169.21875,5001.11328125,"3169.21875_5001.11328125",26363
3201.85571289062,4897.7412109375,"3201.85571289062_4897.7412109375",7184
3209.6259765625,4822.36865234375,"3209.6259765625_4822.36865234375",32354
3245.14501953125,4696.76318359375,"3245.14501953125_4696.76318359375",2955
3278.26806640625,4546.11767578125,"3278.26806640625_4546.11767578125",23243
3268.35083007812,4519.97509765625,"3268.35083007812_4519.97509765625",6915
3283.18798828125,4397.23779296875,"3283.18798828125_4397.23779296875",11553
3273.78662109375,4234.462890625,"3273.78662109375_4234.462890625",12210
3233.36767578125,4140.04833984375,"3233.36767578125_4140.04833984375",16730
3239.35180664062,3963.23461914062,"3239.35180664062_3963.23461914062",670
3256.3955078125,4055.25708007812,"3256.3955078125_4055.25708007812",9110
3260.46484375,3896.41918945312,"3260.46484375_3896.41918945312",627
3225.20092773438,3800.53564453125,"3225.20092773438_3800.53564453125",33538
3237.11376953125,3613.1396484375,"3237.11376953125_3613.1396484375",4671
3244.20849609375,3429.14965820312,"3244.20849609375_3429.14965820312",15410
3245.97900390625,3279.26684570312,"3245.97900390625_3279.26684570312",30534
3220.07055664062,3157.67993164062,"3220.07055664062_3157.67993164062",32112
3253.5205078125,2967.81616210938,"3253.5205078125_2967.81616210938",1998
3278.96484375,2873.07446289062,"3278.96484375_2873.07446289062",34508
3338.40087890625,2761.03540039062,"3338.40087890625_2761.03540039062",29602
3413.69213867188,2681.31518554688,"3413.69213867188_2681.31518554688",5569
3448.45166015625,2680.79809570312,"3448.45166015625_2680.79809570312",35067
3514.30639648438,2624.9296875,"3514.30639648438_2624.9296875",2571
3578.25390625,2616.39794921875,"3578.25390625_2616.39794921875",940
3675.359375,2620.89916992188,"3675.359375_2620.89916992188",10019
3772.59228515625,2634.44750976562,"3772.59228515625_2634.44750976562",7093
3883.54272460938,2626.9501953125,"3883.54272460938_2626.9501953125",14026
3976.40356445312,2658.98779296875,"3976.40356445312_2658.98779296875",4097
4115.4501953125,2739.30200195312,"4115.4501953125_2739.30200195312",31481
4212.8642578125,2797.04174804688,"4212.8642578125_2797.04174804688",8636
4343.30810546875,2921.07739257812,"4343.30810546875_2921.07739257812",27370
4438.021484375,3037.68188476562,"4438.021484375_3037.68188476562",10066
4504.89697265625,3127.69702148438,"4504.89697265625_3127.69702148438",29144
4584.4013671875,3228.53540039062,"4584.4013671875_3228.53540039062",3936
4661.341796875,3359.66748046875,"4661.341796875_3359.66748046875",16751
4705.74853515625,3473.64721679688,"4705.74853515625_3473.64721679688",4914
4728.322265625,3586.43286132812,"4728.322265625_3586.43286132812",7815
4736.19970703125,3659.50537109375,"4736.19970703125_3659.50537109375",2484
4763.2548828125,3736.13452148438,"4763.2548828125_3736.13452148438",21859
4765.47998046875,3776.76171875,"4765.47998046875_3776.76171875",8911
4784.61962890625,3866.98681640625,"4784.61962890625_3866.98681640625",5794
4755.3369140625,3933.904296875,"4755.3369140625_3933.904296875",32665
4717.44140625,4033.83666992188,"4717.44140625_4033.83666992188",9720
4688.20166015625,4142.41162109375,"4688.20166015625_4142.41162109375",23499
4575.9755859375,4238.6708984375,"4575.9755859375_4238.6708984375",33938
4518.7109375,4307.7822265625,"4518.7109375_4307.7822265625",17715
4460.03955078125,4354.138671875,"4460.03955078125_4354.138671875",20216
4399.24560546875,4396.85205078125,"4399.24560546875_4396.85205078125",28915
4313.25634765625,4520.068359375,"4313.25634765625_4520.068359375",31367
4212.2197265625,4587.70556640625,"4212.2197265625_4587.70556640625",3852
4157.90625,4720.88623046875,"4157.90625_4720.88623046875",9281
4095.677734375,4774.31396484375,"4095.677734375_4774.31396484375",15245
4077.388671875,4830.60888671875,"4077.388671875_4830.60888671875",30446
4052.58520507812,4869.93408203125,"4052.58520507812_4869.93408203125",5107
4043.25048828125,4918.58642578125,"4043.25048828125_4918.58642578125",34744
3997.65063476562,4940.4833984375,"3997.65063476562_4940.4833984375",26988
3952.38012695312,5021.9375,"3952.38012695312_5021.9375",32425
3934.57006835938,5135.9375,"3934.57006835938_5135.9375",29694
3903.99853515625,5185.8408203125,"3903.99853515625_5185.8408203125",24726
3841.1953125,5329.45263671875,"3841.1953125_5329.45263671875",22159
3768.25170898438,5374.2763671875,"3768.25170898438_5374.2763671875",10445
3687.40502929688,5441.44482421875,"3687.40502929688_5441.44482421875",24776
3613.29565429688,5507.2578125,"3613.29565429688_5507.2578125",13098
3557.41284179688,5566.79736328125,"3557.41284179688_5566.79736328125",30896
3443.62353515625,5637.58740234375,"3443.62353515625_5637.58740234375",2968
3356.88110351562,5669.57568359375,"3356.88110351562_5669.57568359375",21214
3292.67626953125,5716.3818359375,"3292.67626953125_5716.3818359375",13419
3231.29125976562,5781.9013671875,"3231.29125976562_5781.9013671875",33207
3158.80200195312,5840.3056640625,"3158.80200195312_5840.3056640625",337
3101.06518554688,5833.80029296875,"3101.06518554688_5833.80029296875",9447
2988.9560546875,5878.43505859375,"2988.9560546875_5878.43505859375",6578
2925.73876953125,5932.2626953125,"2925.73876953125_5932.2626953125",59
2886.4296875,5938.458984375,"2886.4296875_5938.458984375",12542
2858.67724609375,5950.412109375,"2858.67724609375_5950.412109375",11096
2773.97241210938,5966.74951171875,"2773.97241210938_5966.74951171875",32818
2712.11572265625,5935.484375,"2712.11572265625_5935.484375",2225
2626.65625,5927.53515625,"2626.65625_5927.53515625",1575
2567.58129882812,5940.42236328125,"2567.58129882812_5940.42236328125",30576
2496.70727539062,5910.140625,"2496.70727539062_5910.140625",27616
2444.4111328125,5863.5869140625,"2444.4111328125_5863.5869140625",21982
2377.62426757812,5822.35595703125,"2377.62426757812_5822.35595703125",2149
2361.8916015625,5806.6015625,"2361.8916015625_5806.6015625",10672
2277.0146484375,5752.177734375,"2277.0146484375_5752.177734375",20105
2211.6806640625,5698.16943359375,"2211.6806640625_5698.16943359375",23584
2170.4619140625,5636.00634765625,"2170.4619140625_5636.00634765625",28669
2149.3896484375,5585.2705078125,"2149.3896484375_5585.2705078125",30635
2124.17626953125,5521.9345703125,"2124.17626953125_5521.9345703125",639
2084.36572265625,5428.33544921875,"2084.36572265625_5428.33544921875",4056
2098.47705078125,5355.3515625,"2098.47705078125_5355.3515625",10032
2097.52368164062,5252.52587890625,"2097.52368164062_5252.52587890625",10135
2064.654296875,5114.53857421875,"2064.654296875_5114.53857421875",18003
2061.00903320312,4918.71044921875,"2061.00903320312_4918.71044921875",6040
2093.06201171875,4855.32861328125,"2093.06201171875_4855.32861328125",4814
2106.41625976562,4807.6455078125,"2106.41625976562_4807.6455078125",34242
2139.20068359375,4674.25341796875,"2139.20068359375_4674.25341796875",366
2153.29296875,4629.376953125,"2153.29296875_4629.376953125",35330
2184.00512695312,4535.32763671875,"2184.00512695312_4535.32763671875",14882
2231.69287109375,4436.61572265625,"2231.69287109375_4436.61572265625",35357
2253.62353515625,4369.7705078125,"2253.62353515625_4369.7705078125",19227
2259.43408203125,4342.3720703125,"2259.43408203125_4342.3720703125",13408
2309.16137695312,4217.33154296875,"2309.16137695312_4217.33154296875",23931
2334.7060546875,4142.248046875,"2334.7060546875_4142.248046875",32661
2353.00366210938,4070.24389648438,"2353.00366210938_4070.24389648438",8690
2366.23413085938,4015.8916015625,"2366.23413085938_4015.8916015625",2574
2374.97973632812,3881.68774414062,"2374.97973632812_3881.68774414062",31726
2410.91064453125,3785.62670898438,"2410.91064453125_3785.62670898438",3953
2404.3662109375,3754.95532226562,"2404.3662109375_3754.95532226562",2867
2414.21508789062,3704.58569335938,"2414.21508789062_3704.58569335938",6466
2432.12744140625,3555.98291015625,"2432.12744140625_3555.98291015625",24405
2463.01025390625,3501.41162109375,"2463.01025390625_3501.41162109375",29812
2482.45971679688,3403.21997070312,"2482.45971679688_3403.21997070312",7233
2527.78833007812,3290.04248046875,"2527.78833007812_3290.04248046875",9311
2572.26928710938,3116.30004882812,"2572.26928710938_3116.30004882812",34388
2608.01123046875,3091.42114257812,"2608.01123046875_3091.42114257812",21251
2650.03637695312,3018.06567382812,"2650.03637695312_3018.06567382812",32205
2752.53125,2821.140625,"2752.53125_2821.140625",11493
2797.32177734375,2783.85083007812,"2797.32177734375_2783.85083007812",21172
2855.95629882812,2704.86865234375,"2855.95629882812_2704.86865234375",16792
2859.71166992188,2696.47412109375,"2859.71166992188_2696.47412109375",6682
2938.5068359375,2552.60473632812,"2938.5068359375_2552.60473632812",19843
2999.16162109375,2494.59643554688,"2999.16162109375_2494.59643554688",10663
3068.69799804688,2407.78271484375,"3068.69799804688_2407.78271484375",15134
3139.57666015625,2328.8994140625,"3139.57666015625_2328.8994140625",20604
3230.50146484375,2246.70751953125,"3230.50146484375_2246.70751953125",1001
3282.888671875,2220.71899414062,"3282.888671875_2220.71899414062",11459
3385.75708007812,2173.681640625,"3385.75708007812_2173.681640625",29596
3464.00561523438,2097.54150390625,"3464.00561523438_2097.54150390625",31978
3605.42822265625,2097.51245117188,"3605.42822265625_2097.51245117188",8847
3702.39721679688,2100.4365234375,"3702.39721679688_2100.4365234375",23004
3776.42895507812,2076.76318359375,"3776.42895507812_2076.76318359375",13926
3865.91870117188,2124.61791992188,"3865.91870117188_2124.61791992188",18288
3947.60668945312,2133.09985351562,"3947.60668945312_2133.09985351562",18730
4016.36840820312,2150.98999023438,"4016.36840820312_2150.98999023438",17458
4130.49853515625,2179.43774414062,"4130.49853515625_2179.43774414062",7611
4195.96142578125,2214.7177734375,"4195.96142578125_2214.7177734375",4860
4313.3095703125,2247.56127929688,"4313.3095703125_2247.56127929688",3113
4364.22509765625,2275.875,"4364.22509765625_2275.875",13640
4451.10400390625,2305.39038085938,"4451.10400390625_2305.39038085938",10415
4525.05810546875,2352.33471679688,"4525.05810546875_2352.33471679688",25399
4566.43798828125,2363.84814453125,"4566.43798828125_2363.84814453125",25434
4622.66552734375,2431.95043945312,"4622.66552734375_2431.95043945312",3069
4724.63525390625,2471.57177734375,"4724.63525390625_2471.57177734375",21597
4791.9765625,2518.16064453125,"4791.9765625_2518.16064453125",22703
4858.83642578125,2614.29541015625,"4858.83642578125_2614.29541015625",4375
4960.08544921875,2667.478515625,"4960.08544921875_2667.478515625",50
4998.28662109375,2718.0322265625,"4998.28662109375_2718.0322265625",8922
5082.6044921875,2837.1611328125,"5082.6044921875_2837.1611328125",25907
5112.3759765625,2917.3857421875,"5112.3759765625_2917.3857421875",12743
5148.02001953125,3013.94677734375,"5148.02001953125_3013.94677734375",924
5188.95361328125,3064.01245117188,"5188.95361328125_3064.01245117188",32259
5211.828125,3157.65771484375,"5211.828125_3157.65771484375",8926
5272.3173828125,3289.55712890625,"5272.3173828125_3289.55712890625",6851
5298.58447265625,3433.13671875,"5298.58447265625_3433.13671875",5498
5313.9228515625,3484.13647460938,"5313.9228515625_3484.13647460938",13127
5323.421875,3585.470703125,"5323.421875_3585.470703125",22340
5342.5498046875,3730.9453125,"5342.5498046875_3730.9453125",2290
5311.24072265625,3822.76440429688,"5311.24072265625_3822.76440429688",10720
5339.3740234375,4047.36279296875,"5339.3740234375_4047.36279296875",22481
5272.8798828125,4173.91259765625,"5272.8798828125_4173.91259765625",2807
5207.298828125,4291.9375,"5207.298828125_4291.9375",17810
5155.17431640625,4439.02490234375,"5155.17431640625_4439.02490234375",9107
5056.5693359375,4601.712890625,"5056.5693359375_4601.712890625",13417
5013.67236328125,4755.74853515625,"5013.67236328125_4755.74853515625",33740
4928.1953125,4844.44677734375,"4928.1953125_4844.44677734375",375
4856.1943359375,4998.876953125,"4856.1943359375_4998.876953125",9919
4836.57080078125,5061.70849609375,"4836.57080078125_5061.70849609375",19390
4740.384765625,5176.4677734375,"4740.384765625_5176.4677734375",31645
4717.52294921875,5277.79150390625,"4717.52294921875_5277.79150390625",7913
4648.85107421875,5352.396484375,"4648.85107421875_5352.396484375",642
4586.11474609375,5425.73046875,"4586.11474609375_5425.73046875",11518
4547.138671875,5495.8896484375,"4547.138671875_5495.8896484375",35155
4461.30517578125,5577.80224609375,"4461.30517578125_5577.80224609375",5424
4396.05810546875,5675.845703125,"4396.05810546875_5675.845703125",7899
4355.05224609375,5717.39501953125,"4355.05224609375_5717.39501953125",4895
4286.7333984375,5812.46337890625,"4286.7333984375_5812.46337890625",32368
4201.09130859375,5916.25146484375,"4201.09130859375_5916.25146484375",28745
4050.07373046875,5972.1865234375,"4050.07373046875_5972.1865234375",28231
3980.39111328125,6036.19482421875,"3980.39111328125_6036.19482421875",32852
3930.3984375,6099.6708984375,"3930.3984375_6099.6708984375",799
3824.857421875,6126.49169921875,"3824.857421875_6126.49169921875",3972
3708.828125,6161.45654296875,"3708.828125_6161.45654296875",23244
3634.6083984375,6186.1943359375,"3634.6083984375_6186.1943359375",9978
3412.19262695312,6269.90380859375,"3412.19262695312_6269.90380859375",3545
3306.98095703125,6315.23193359375,"3306.98095703125_6315.23193359375",24890
3156.25390625,6340.17529296875,"3156.25390625_6340.17529296875",22792
3078.81323242188,6362.82177734375,"3078.81323242188_6362.82177734375",8593
2939.86743164062,6388.75927734375,"2939.86743164062_6388.75927734375",29327
2740.93188476562,6369.921875,"2740.93188476562_6369.921875",26311
2648.19946289062,6407.69677734375,"2648.19946289062_6407.69677734375",24156
2548.38598632812,6414.708984375,"2548.38598632812_6414.708984375",1985
2419.41748046875,6416.4677734375,"2419.41748046875_6416.4677734375",7196
2341.35473632812,6336.771484375,"2341.35473632812_6336.771484375",10395
2203.85815429688,6291.45703125,"2203.85815429688_6291.45703125",9202
2075.373046875,6194.51708984375,"2075.373046875_6194.51708984375",25056
1989.14392089844,6091.48193359375,"1989.14392089844_6091.48193359375",30522
1935.03869628906,6011.99365234375,"1935.03869628906_6011.99365234375",22585
1846.89086914062,5910.0400390625,"1846.89086914062_5910.0400390625",13723
1791.56176757812,5817.00830078125,"1791.56176757812_5817.00830078125",22997
1747.09240722656,5738.35498046875,"1747.09240722656_5738.35498046875",7449
1686.13696289062,5591.28125,"1686.13696289062_5591.28125",34586
1644.1162109375,5455.3359375,"1644.1162109375_5455.3359375",23368
1630.88452148438,5280.49365234375,"1630.88452148438_5280.49365234375",7933
1608.78552246094,5184.6337890625,"1608.78552246094_5184.6337890625",32284
1614.74084472656,5049.63330078125,"1614.74084472656_5049.63330078125",29416
1614.13525390625,4908.7275390625,"1614.13525390625_4908.7275390625",29557
1600.60998535156,4754.0498046875,"1600.60998535156_4754.0498046875",12137
1632.95300292969,4598.6259765625,"1632.95300292969_4598.6259765625",17944
1657.91442871094,4485.85693359375,"1657.91442871094_4485.85693359375",29876
1689.62133789062,4391.72998046875,"1689.62133789062_4391.72998046875",27637
1743.50756835938,4235.1767578125,"1743.50756835938_4235.1767578125",17074
1795.58642578125,4095.89111328125,"1795.58642578125_4095.89111328125",31089
1821.76293945312,3981.908203125,"1821.76293945312_3981.908203125",31686
1881.12866210938,3891.97045898438,"1881.12866210938_3891.97045898438",33616
1870.41906738281,3826.60791015625,"1870.41906738281_3826.60791015625",34354
1918.45581054688,3708.62719726562,"1918.45581054688_3708.62719726562",11095
1966.01867675781,3525.79272460938,"1966.01867675781_3525.79272460938",1300
2020.76049804688,3398.68383789062,"2020.76049804688_3398.68383789062",30909
2041.01062011719,3275.00854492188,"2041.01062011719_3275.00854492188",15451
2069.23681640625,3212.84497070312,"2069.23681640625_3212.84497070312",15416
2113.71752929688,3122.39477539062,"2113.71752929688_3122.39477539062",15217
2155.44140625,2998.57397460938,"2155.44140625_2998.57397460938",3914
2206.70092773438,2926.32446289062,"2206.70092773438_2926.32446289062",14107
2269.71118164062,2800.14819335938,"2269.71118164062_2800.14819335938",28010
2305.73120117188,2658.46069335938,"2305.73120117188_2658.46069335938",12693
2345.25268554688,2553.01611328125,"2345.25268554688_2553.01611328125",25476
2400.4716796875,2504.77905273438,"2400.4716796875_2504.77905273438",23164
2484.34521484375,2396.53637695312,"2484.34521484375_2396.53637695312",20771
2567.03979492188,2289.3359375,"2567.03979492188_2289.3359375",31339
2638.95874023438,2241.7109375,"2638.95874023438_2241.7109375",33164
2728.84155273438,2185.57299804688,"2728.84155273438_2185.57299804688",28812
2806.6630859375,2091.30444335938,"2806.6630859375_2091.30444335938",12593
2903.8525390625,2002.29870605469,"2903.8525390625_2002.29870605469",8250
3017.35375976562,1962.51354980469,"3017.35375976562_1962.51354980469",8976
3156.38403320312,1959.23034667969,"3156.38403320312_1959.23034667969",29544
3262.03784179688,1911.41760253906,"3262.03784179688_1911.41760253906",5945
3322.64868164062,1906.40625,"3322.64868164062_1906.40625",3005
3389.31420898438,1866.61560058594,"3389.31420898438_1866.61560058594",26257
3472.3173828125,1905.18664550781,"3472.3173828125_1905.18664550781",2095
3558.43505859375,1889.06689453125,"3558.43505859375_1889.06689453125",28009
3664.91040039062,1897.67138671875,"3664.91040039062_1897.67138671875",11458
3742.4111328125,1904.72766113281,"3742.4111328125_1904.72766113281",28267
3857.6806640625,1887.92211914062,"3857.6806640625_1887.92211914062",12403
3948.39868164062,1867.2138671875,"3948.39868164062_1867.2138671875",2263
4066.48217773438,1927.12023925781,"4066.48217773438_1927.12023925781",12334
4162.23583984375,1964.55505371094,"4162.23583984375_1964.55505371094",3980
4246.09228515625,1962.75817871094,"4246.09228515625_1962.75817871094",2104
4342.6962890625,2000.75537109375,"4342.6962890625_2000.75537109375",32717
4452.34912109375,2102.90307617188,"4452.34912109375_2102.90307617188",19916
4543.9677734375,2118.82373046875,"4543.9677734375_2118.82373046875",17243
4623.08642578125,2131.72827148438,"4623.08642578125_2131.72827148438",16047
4749.193359375,2191.10083007812,"4749.193359375_2191.10083007812",22718
4780.1826171875,2254.3173828125,"4780.1826171875_2254.3173828125",13463
4863.67919921875,2293.67553710938,"4863.67919921875_2293.67553710938",2145
4934.45068359375,2388.55932617188,"4934.45068359375_2388.55932617188",29015
5036.1611328125,2411.56762695312,"5036.1611328125_2411.56762695312",16362
5038.150390625,2487.41870117188,"5038.150390625_2487.41870117188",22047
5112.951171875,2547.625,"5112.951171875_2547.625",19530
5198.982421875,2621.48486328125,"5198.982421875_2621.48486328125",18753
5299.52978515625,2764.08251953125,"5299.52978515625_2764.08251953125",14349
5370.49951171875,2857.35327148438,"5370.49951171875_2857.35327148438",9257
5437.0869140625,2877.99243164062,"5437.0869140625_2877.99243164062",28183
5496.74658203125,3008.88696289062,"5496.74658203125_3008.88696289062",21484
5512.53515625,3135.81103515625,"5512.53515625_3135.81103515625",19966
5502.51220703125,3062.62426757812,"5502.51220703125_3062.62426757812",20344
5565.61328125,3151.5673828125,"5565.61328125_3151.5673828125",272
5610.3095703125,3324.17309570312,"5610.3095703125_3324.17309570312",16931
5615.4306640625,3461.87670898438,"5615.4306640625_3461.87670898438",33879
5653.64892578125,3638.271484375,"5653.64892578125_3638.271484375",24316
5663.45703125,3790.73583984375,"5663.45703125_3790.73583984375",26465
5674.8818359375,3866.4716796875,"5674.8818359375_3866.4716796875",35324
5681.171875,4071.06274414062,"5681.171875_4071.06274414062",25203
5678.44091796875,4239.703125,"5678.44091796875_4239.703125",14953
5613.19384765625,4487.728515625,"5613.19384765625_4487.728515625",20496
5514.0849609375,4664.951171875,"5514.0849609375_4664.951171875",13255
5427.7412109375,4864.3818359375,"5427.7412109375_4864.3818359375",3639
5393.39453125,4949.93798828125,"5393.39453125_4949.93798828125",30657
5318.88427734375,5070.61328125,"5318.88427734375_5070.61328125",4541
5265.56591796875,5171.576171875,"5265.56591796875_5171.576171875",481
5214.66650390625,5212.0927734375,"5214.66650390625_5212.0927734375",8685
5186.25244140625,5321.81298828125,"5186.25244140625_5321.81298828125",442
5117.72119140625,5472.5302734375,"5117.72119140625_5472.5302734375",32975
4978.42333984375,5668.79052734375,"4978.42333984375_5668.79052734375",10149
4931.73583984375,5767.6796875,"4931.73583984375_5767.6796875",8667
4805.34521484375,5899.640625,"4805.34521484375_5899.640625",35305
4679.52978515625,6013.7080078125,"4679.52978515625_6013.7080078125",13165
4609.74755859375,6148.92041015625,"4609.74755859375_6148.92041015625",9532
4512.01708984375,6252.9921875,"4512.01708984375_6252.9921875",25061
4401.36669921875,6376.74853515625,"4401.36669921875_6376.74853515625",23032
4362.81201171875,6466.974609375,"4362.81201171875_6466.974609375",23354
4227.60107421875,6551.02734375,"4227.60107421875_6551.02734375",2196
4108.63720703125,6610.46240234375,"4108.63720703125_6610.46240234375",22110
4055.341796875,6655.7607421875,"4055.341796875_6655.7607421875",23653
3958.33056640625,6664.2939453125,"3958.33056640625_6664.2939453125",9220
3806.65795898438,6707.2529296875,"3806.65795898438_6707.2529296875",7262
3653.36059570312,6801.1015625,"3653.36059570312_6801.1015625",10702
3553.9609375,6810.421875,"3553.9609375_6810.421875",21013
3389.4990234375,6890,"3389.4990234375_6890",8139
3305.77661132812,6860.8193359375,"3305.77661132812_6860.8193359375",9340
3224.2763671875,6859.5,"3224.2763671875_6859.5",22397
3082.99853515625,6871.85205078125,"3082.99853515625_6871.85205078125",22852
2924.75854492188,6799.3994140625,"2924.75854492188_6799.3994140625",29813
2787.27416992188,6779.86181640625,"2787.27416992188_6779.86181640625",14138
2596.00317382812,6776.46142578125,"2596.00317382812_6776.46142578125",29016
2493.43286132812,6761.19775390625,"2493.43286132812_6761.19775390625",6379
2335.09936523438,6717.09033203125,"2335.09936523438_6717.09033203125",28236
2203.3935546875,6664.0234375,"2203.3935546875_6664.0234375",22386
2118.03540039062,6646.7421875,"2118.03540039062_6646.7421875",33376
1960.18371582031,6548.81884765625,"1960.18371582031_6548.81884765625",28790
1864.23913574219,6512.060546875,"1864.23913574219_6512.060546875",25619
1824.83752441406,6435.4267578125,"1824.83752441406_6435.4267578125",6952
1733.89184570312,6338.18798828125,"1733.89184570312_6338.18798828125",27463
1672.77233886719,6266.84326171875,"1672.77233886719_6266.84326171875",23572
1629.53503417969,6208.69384765625,"1629.53503417969_6208.69384765625",22258
1545.91479492188,6075.796875,"1545.91479492188_6075.796875",12170
1500.29357910156,5941.23046875,"1500.29357910156_5941.23046875",35295
1459.18029785156,5869.01318359375,"1459.18029785156_5869.01318359375",19006
1425.38537597656,5791.33544921875,"1425.38537597656_5791.33544921875",17250
1391.796875,5715.07275390625,"1391.796875_5715.07275390625",34209
1348.93029785156,5604.37451171875,"1348.93029785156_5604.37451171875",6651
1338.1875,5501.193359375,"1338.1875_5501.193359375",20542
1328.99084472656,5337.48388671875,"1328.99084472656_5337.48388671875",28143
1321.92541503906,5312.9658203125,"1321.92541503906_5312.9658203125",19122
1301.10095214844,5113.150390625,"1301.10095214844_5113.150390625",25759
1288.54064941406,4978.70556640625,"1288.54064941406_4978.70556640625",29960
1307.12744140625,4890.19580078125,"1307.12744140625_4890.19580078125",18690
1315.05810546875,4756.076171875,"1315.05810546875_4756.076171875",34301
1318.71606445312,4591.59130859375,"1318.71606445312_4591.59130859375",12257
1322.07141113281,4498.41748046875,"1322.07141113281_4498.41748046875",9603
1330.8427734375,4349.69189453125,"1330.8427734375_4349.69189453125",31931
1381.37097167969,4215.04638671875,"1381.37097167969_4215.04638671875",27229
1417.50927734375,4131.30078125,"1417.50927734375_4131.30078125",24496
1436.19140625,3986.61059570312,"1436.19140625_3986.61059570312",22262
1457.64111328125,3878.19702148438,"1457.64111328125_3878.19702148438",9007
1510.08239746094,3783.4228515625,"1510.08239746094_3783.4228515625",6591
1543.74865722656,3679.01391601562,"1543.74865722656_3679.01391601562",573
1582.14294433594,3487.00610351562,"1582.14294433594_3487.00610351562",26
1666.93688964844,3263.53686523438,"1666.93688964844_3263.53686523438",21015
1707.12487792969,3126.09619140625,"1707.12487792969_3126.09619140625",17220
1772.43249511719,3022.78735351562,"1772.43249511719_3022.78735351562",1842
1812.34887695312,2838.65063476562,"1812.34887695312_2838.65063476562",23216
1874.52062988281,2716.37573242188,"1874.52062988281_2716.37573242188",16223
1941.07922363281,2563.66040039062,"1941.07922363281_2563.66040039062",10515
2001.6328125,2476.09301757812,"2001.6328125_2476.09301757812",8394
2001.662109375,2356.22875976562,"2001.662109375_2356.22875976562",16493
2097.62963867188,2210.67431640625,"2097.62963867188_2210.67431640625",26787
2177.23022460938,2148.24487304688,"2177.23022460938_2148.24487304688",3600
2217.68774414062,2024.5302734375,"2217.68774414062_2024.5302734375",22916
2294.73046875,1968.52099609375,"2294.73046875_1968.52099609375",8582
2363.65478515625,1937.33459472656,"2363.65478515625_1937.33459472656",19345
2467.015625,1805.43432617188,"2467.015625_1805.43432617188",9700
2530.45825195312,1772.11450195312,"2530.45825195312_1772.11450195312",21609
2634.78149414062,1729.46984863281,"2634.78149414062_1729.46984863281",26145
2722.97265625,1640.64721679688,"2722.97265625_1640.64721679688",18033
2778.45043945312,1590.8935546875,"2778.45043945312_1590.8935546875",9461
2924.85229492188,1513.82739257812,"2924.85229492188_1513.82739257812",14640
3011.94970703125,1497.5927734375,"3011.94970703125_1497.5927734375",27673
3112.509765625,1476.72680664062,"3112.509765625_1476.72680664062",25657
3262.8681640625,1461.53491210938,"3262.8681640625_1461.53491210938",26756
3361.01245117188,1428.04272460938,"3361.01245117188_1428.04272460938",34746
3438.26245117188,1415.23718261719,"3438.26245117188_1415.23718261719",8989
3539.71875,1436.65063476562,"3539.71875_1436.65063476562",34978
3692.78369140625,1409.39733886719,"3692.78369140625_1409.39733886719",28600
3825.7646484375,1430.78015136719,"3825.7646484375_1430.78015136719",30447
3930.7919921875,1419.54370117188,"3930.7919921875_1419.54370117188",10779
4082.7705078125,1493.36096191406,"4082.7705078125_1493.36096191406",30162
4266.61669921875,1493.88098144531,"4266.61669921875_1493.88098144531",22929
4353.951171875,1488.00305175781,"4353.951171875_1488.00305175781",32759
4471.154296875,1509.29016113281,"4471.154296875_1509.29016113281",3317
4633.32666015625,1584.07592773438,"4633.32666015625_1584.07592773438",22660
4752.232421875,1678.85729980469,"4752.232421875_1678.85729980469",29832
4854.00537109375,1726.85119628906,"4854.00537109375_1726.85119628906",12002
4938.9365234375,1801.52673339844,"4938.9365234375_1801.52673339844",2201
5170.28515625,1937.93493652344,"5170.28515625_1937.93493652344",14795
5281.6376953125,2036.5966796875,"5281.6376953125_2036.5966796875",24678
5387.24267578125,2095.01440429688,"5387.24267578125_2095.01440429688",34435
5650.55224609375,2323.90234375,"5650.55224609375_2323.90234375",19529
5704.37939453125,2416.20947265625,"5704.37939453125_2416.20947265625",31825
5772.7666015625,2545.6953125,"5772.7666015625_2545.6953125",30485
5862.2578125,2641.94116210938,"5862.2578125_2641.94116210938",4936
5890.14013671875,2771.11157226562,"5890.14013671875_2771.11157226562",28899
5950.927734375,2977.96215820312,"5950.927734375_2977.96215820312",23744
5978.92529296875,3060.88549804688,"5978.92529296875_3060.88549804688",6595
6012.7783203125,3193.78247070312,"6012.7783203125_3193.78247070312",5140
6052.142578125,3314.9384765625,"6052.142578125_3314.9384765625",32908
6044.3046875,3538.36083984375,"6044.3046875_3538.36083984375",10899
6049.24267578125,3667.84692382812,"6049.24267578125_3667.84692382812",27854
6084.79833984375,3827.7177734375,"6084.79833984375_3827.7177734375",10898
6082.208984375,4115.2236328125,"6082.208984375_4115.2236328125",26065
6053.34326171875,4364.22314453125,"6053.34326171875_4364.22314453125",15084
5951.51611328125,4625.39404296875,"5951.51611328125_4625.39404296875",13413
5983.39501953125,4544.79833984375,"5983.39501953125_4544.79833984375",32064
5922.326171875,4644.48876953125,"5922.326171875_4644.48876953125",14883
5842.93701171875,4873.41650390625,"5842.93701171875_4873.41650390625",15303
5804.22265625,5150.2138671875,"5804.22265625_5150.2138671875",21546
5757.833984375,5276.57958984375,"5757.833984375_5276.57958984375",17615
5634.2685546875,5573.794921875,"5634.2685546875_5573.794921875",4771
5535.58056640625,5667.0048828125,"5535.58056640625_5667.0048828125",3884
5439.47412109375,5830.1435546875,"5439.47412109375_5830.1435546875",30546
5338.177734375,5999.2314453125,"5338.177734375_5999.2314453125",24725
5247.669921875,6194.13818359375,"5247.669921875_6194.13818359375",9661
5144.88671875,6273.3369140625,"5144.88671875_6273.3369140625",28020
5081.15380859375,6373.95556640625,"5081.15380859375_6373.95556640625",11915
5013.337890625,6520.705078125,"5013.337890625_6520.705078125",5632
4891.85302734375,6610.037109375,"4891.85302734375_6610.037109375",20979
4824.65478515625,6739.17333984375,"4824.65478515625_6739.17333984375",20075
4696.42822265625,6846.94873046875,"4696.42822265625_6846.94873046875",29536
4591.80517578125,6957.2734375,"4591.80517578125_6957.2734375",24493
4432.685546875,7016.2470703125,"4432.685546875_7016.2470703125",21710
4337.45361328125,7039.4404296875,"4337.45361328125_7039.4404296875",9287
4181.92041015625,7106.86083984375,"4181.92041015625_7106.86083984375",5022
4101.427734375,7113.40185546875,"4101.427734375_7113.40185546875",34482
3940.08618164062,7175.400390625,"3940.08618164062_7175.400390625",12859
3783.69458007812,7252.03759765625,"3783.69458007812_7252.03759765625",3029
3660.47290039062,7268.84814453125,"3660.47290039062_7268.84814453125",7294
3529.99487304688,7252.6376953125,"3529.99487304688_7252.6376953125",11294
3303.54760742188,7268.59326171875,"3303.54760742188_7268.59326171875",10220
3200.76684570312,7262.3154296875,"3200.76684570312_7262.3154296875",10841
3003.22265625,7297.0859375,"3003.22265625_7297.0859375",29257
2881.76416015625,7239.2138671875,"2881.76416015625_7239.2138671875",27380
2700.8720703125,7224.48486328125,"2700.8720703125_7224.48486328125",99
2539.62377929688,7185.03466796875,"2539.62377929688_7185.03466796875",30220
2433.14599609375,7183.18896484375,"2433.14599609375_7183.18896484375",16643
2155.31640625,7159.83642578125,"2155.31640625_7159.83642578125",2981
2062.83374023438,7133.24267578125,"2062.83374023438_7133.24267578125",3108
1946.44604492188,7118.59521484375,"1946.44604492188_7118.59521484375",17936
1852.95983886719,7035.29931640625,"1852.95983886719_7035.29931640625",28135
1704.46887207031,6984.92431640625,"1704.46887207031_6984.92431640625",17684
1605.21264648438,6889.5966796875,"1605.21264648438_6889.5966796875",18830
1495.92077636719,6855.77685546875,"1495.92077636719_6855.77685546875",20325
1426.76489257812,6785.96484375,"1426.76489257812_6785.96484375",28678
1338.62060546875,6681.5849609375,"1338.62060546875_6681.5849609375",6343
1252.53723144531,6587.66162109375,"1252.53723144531_6587.66162109375",12250
1177.16027832031,6501.130859375,"1177.16027832031_6501.130859375",7539
1103.3466796875,6396.2265625,"1103.3466796875_6396.2265625",28666
1041.99072265625,6325.40771484375,"1041.99072265625_6325.40771484375",25677
991.283996582031,6032.09521484375,"991.283996582031_6032.09521484375",28888
905.951049804688,5852.68408203125,"905.951049804688_5852.68408203125",13089
876.132568359375,5728.47900390625,"876.132568359375_5728.47900390625",32221
836.590087890625,5542.34130859375,"836.590087890625_5542.34130859375",20436
812.472473144531,5411.67626953125,"812.472473144531_5411.67626953125",4253
775.321166992188,5200.76708984375,"775.321166992188_5200.76708984375",6678
775.441589355469,4955.44970703125,"775.441589355469_4955.44970703125",5738
776.02392578125,4869.08544921875,"776.02392578125_4869.08544921875",16834
765.979614257812,4724.6845703125,"765.979614257812_4724.6845703125",33557
769.601135253906,4554.0986328125,"769.601135253906_4554.0986328125",15053
806.391174316406,4460.12939453125,"806.391174316406_4460.12939453125",6993
811.19140625,4376.87841796875,"811.19140625_4376.87841796875",16242
832.99560546875,4209.81494140625,"832.99560546875_4209.81494140625",27176
862.154174804688,4055.64306640625,"862.154174804688_4055.64306640625",27912
917.622680664062,3962.34887695312,"917.622680664062_3962.34887695312",17959
915.649353027344,3843.74169921875,"915.649353027344_3843.74169921875",1603
965.087768554688,3685.12939453125,"965.087768554688_3685.12939453125",21977
1016.42584228516,3550.89965820312,"1016.42584228516_3550.89965820312",15066
1069.53723144531,3421.30249023438,"1069.53723144531_3421.30249023438",22528
1078.44714355469,3350.05004882812,"1078.44714355469_3350.05004882812",21499
1137.85229492188,3077.35961914062,"1137.85229492188_3077.35961914062",32785
1172.44873046875,3005.5107421875,"1172.44873046875_3005.5107421875",29656
1234.10925292969,2881.603515625,"1234.10925292969_2881.603515625",30757
1270.51135253906,2802.0849609375,"1270.51135253906_2802.0849609375",6003
1361.86328125,2569.88940429688,"1361.86328125_2569.88940429688",20323
1422.916015625,2437.34252929688,"1422.916015625_2437.34252929688",32630
1482.48278808594,2346.1259765625,"1482.48278808594_2346.1259765625",9998
1529.08996582031,2234.0439453125,"1529.08996582031_2234.0439453125",14109
1597.84057617188,2073.8251953125,"1597.84057617188_2073.8251953125",6552
1682.54711914062,1935.373046875,"1682.54711914062_1935.373046875",22685
1792.38977050781,1753.95227050781,"1792.38977050781_1753.95227050781",8778
1841.93994140625,1609.93896484375,"1841.93994140625_1609.93896484375",7346
1935.16870117188,1502.33618164062,"1935.16870117188_1502.33618164062",9771
2002.03063964844,1446.2529296875,"2002.03063964844_1446.2529296875",953
2105.04736328125,1358.42309570312,"2105.04736328125_1358.42309570312",34403
2215.9140625,1233.5166015625,"2215.9140625_1233.5166015625",27391
2318.19360351562,1190.55053710938,"2318.19360351562_1190.55053710938",7774
2405.81640625,1189.98620605469,"2405.81640625_1189.98620605469",14509
2446.90405273438,1136.36437988281,"2446.90405273438_1136.36437988281",26490
2611.49462890625,1090.8837890625,"2611.49462890625_1090.8837890625",34517
2732.3349609375,1081.63549804688,"2732.3349609375_1081.63549804688",33060
2869.63061523438,1028.36120605469,"2869.63061523438_1028.36120605469",2010
2983.26049804688,958.471740722656,"2983.26049804688_958.471740722656",31123
3141.63110351562,936.273132324219,"3141.63110351562_936.273132324219",18083
3269.7578125,917.071166992188,"3269.7578125_917.071166992188",9306
3406.24731445312,911.442626953125,"3406.24731445312_911.442626953125",33427
3563.02905273438,868.167236328125,"3563.02905273438_868.167236328125",25766
3737.46997070312,892.630859375,"3737.46997070312_892.630859375",33018
3931.44848632812,907.354675292969,"3931.44848632812_907.354675292969",32098
4074.02734375,900.125305175781,"4074.02734375_900.125305175781",31504
4286.17333984375,914.465576171875,"4286.17333984375_914.465576171875",8102
4382.34130859375,924.532409667969,"4382.34130859375_924.532409667969",8677
4528.0068359375,1011.72143554688,"4528.0068359375_1011.72143554688",30512
4650.16064453125,1039.79443359375,"4650.16064453125_1039.79443359375",27383
4879.53076171875,1192.18078613281,"4879.53076171875_1192.18078613281",9905
4981.67626953125,1252.822265625,"4981.67626953125_1252.822265625",4177
5138.4140625,1316.11340332031,"5138.4140625_1316.11340332031",31373
5514.4755859375,1577.85693359375,"5514.4755859375_1577.85693359375",30785
5682.828125,1647.70666503906,"5682.828125_1647.70666503906",29611
5739.6953125,1738.33630371094,"5739.6953125_1738.33630371094",26174
5905.8173828125,1897.23266601562,"5905.8173828125_1897.23266601562",34859
6020.65576171875,2061.52392578125,"6020.65576171875_2061.52392578125",998
6147.55859375,2268.28588867188,"6147.55859375_2268.28588867188",18725
6273.02490234375,2393.34106445312,"6273.02490234375_2393.34106445312",1927
6343.64404296875,2503.263671875,"6343.64404296875_2503.263671875",27604
6429.93212890625,2613.2255859375,"6429.93212890625_2613.2255859375",32810
6490.41943359375,2750.18920898438,"6490.41943359375_2750.18920898438",14635
6537.79736328125,2836.50073242188,"6537.79736328125_2836.50073242188",7842
6566.6650390625,2954.23950195312,"6566.6650390625_2954.23950195312",2893
6607.9140625,3160.42822265625,"6607.9140625_3160.42822265625",5806
6743.220703125,3584.77294921875,"6743.220703125_3584.77294921875",30381
6740.73974609375,3780.41796875,"6740.73974609375_3780.41796875",16689
6772.142578125,3906.849609375,"6772.142578125_3906.849609375",26566
6774.05859375,4045.07836914062,"6774.05859375_4045.07836914062",33901
6768.3876953125,4291.7119140625,"6768.3876953125_4291.7119140625",9427
6723.6513671875,4434.294921875,"6723.6513671875_4434.294921875",19398
6640.115234375,4555.27783203125,"6640.115234375_4555.27783203125",17705
6592.4130859375,4652.32861328125,"6592.4130859375_4652.32861328125",32604
6498.373046875,4827.4384765625,"6498.373046875_4827.4384765625",11608
6456.9990234375,4944.10498046875,"6456.9990234375_4944.10498046875",11837
6405.15234375,5119.45654296875,"6405.15234375_5119.45654296875",18085
6331.705078125,5232.19140625,"6331.705078125_5232.19140625",27602
6320.14208984375,5383.84375,"6320.14208984375_5383.84375",34221
6303.1142578125,5475.25146484375,"6303.1142578125_5475.25146484375",34503
6291.365234375,5657.19970703125,"6291.365234375_5657.19970703125",814
6266.51318359375,5828.79638671875,"6266.51318359375_5828.79638671875",32163
6200.921875,5934.9482421875,"6200.921875_5934.9482421875",25160
6186.92333984375,5962.02880859375,"6186.92333984375_5962.02880859375",30343
6142.12060546875,6040.951171875,"6142.12060546875_6040.951171875",16274
6102.50439453125,6073.92822265625,"6102.50439453125_6073.92822265625",22468
5980.7939453125,6232.74072265625,"5980.7939453125_6232.74072265625",34147
5873.21728515625,6354.60205078125,"5873.21728515625_6354.60205078125",7435
5787.26904296875,6477.912109375,"5787.26904296875_6477.912109375",26617
5639.36572265625,6719.8408203125,"5639.36572265625_6719.8408203125",31810
5481.95849609375,6780.98388671875,"5481.95849609375_6780.98388671875",27565
5378.35498046875,6938.35693359375,"5378.35498046875_6938.35693359375",14275
5267.970703125,7019.5458984375,"5267.970703125_7019.5458984375",3463
5199.92529296875,7120.38720703125,"5199.92529296875_7120.38720703125",18149
5098.5966796875,7207.78125,"5098.5966796875_7207.78125",8517
5003.298828125,7318.37890625,"5003.298828125_7318.37890625",31597
4939.83203125,7348.2080078125,"4939.83203125_7348.2080078125",30515
4658.4091796875,7515.3525390625,"4658.4091796875_7515.3525390625",13244
4573.6435546875,7537.23388671875,"4573.6435546875_7537.23388671875",19237
4494.77392578125,7576.32763671875,"4494.77392578125_7576.32763671875",20447
4368.373046875,7655.21728515625,"4368.373046875_7655.21728515625",26991
4310.0166015625,7689.02978515625,"4310.0166015625_7689.02978515625",1996
4239.71337890625,7702.1904296875,"4239.71337890625_7702.1904296875",27828
4163.474609375,7712.61376953125,"4163.474609375_7712.61376953125",31786
3993.06176757812,7777.6630859375,"3993.06176757812_7777.6630859375",27575
3918.6220703125,7823.1875,"3918.6220703125_7823.1875",25575
3776.86547851562,7865.4775390625,"3776.86547851562_7865.4775390625",8117
3636.67041015625,7876.93798828125,"3636.67041015625_7876.93798828125",29177
3584.435546875,7905.5888671875,"3584.435546875_7905.5888671875",24860
3491.12158203125,7908.267578125,"3491.12158203125_7908.267578125",22085
3441.322265625,7906.46533203125,"3441.322265625_7906.46533203125",856
3319.71044921875,7893.33740234375,"3319.71044921875_7893.33740234375",21940
3164.54809570312,7922.642578125,"3164.54809570312_7922.642578125",30039
3058.82788085938,7893.98583984375,"3058.82788085938_7893.98583984375",819
2961.72387695312,7932.84375,"2961.72387695312_7932.84375",24298
2713.7158203125,7912.86279296875,"2713.7158203125_7912.86279296875",29495
2611.39990234375,7852.53857421875,"2611.39990234375_7852.53857421875",7868
2531.62768554688,7843.6484375,"2531.62768554688_7843.6484375",15192
2509.19555664062,7829.71533203125,"2509.19555664062_7829.71533203125",8961
2446.64282226562,7852.7685546875,"2446.64282226562_7852.7685546875",5768
2402.09057617188,7849.99658203125,"2402.09057617188_7849.99658203125",24461
2357.21264648438,7832.791015625,"2357.21264648438_7832.791015625",553
2273.76440429688,7829.18408203125,"2273.76440429688_7829.18408203125",3877
